USUBJID,AEDECOD,AESTDTC,AEENDTC,AETRTEMFL
TG-0003,Headache,2026-01-13,2026-01-14,Y
TG-0006,Headache,2026-01-16,2026-01-17,Y
TG-0009,Headache,2026-01-19,2026-01-20,Y
TG-0012,Headache,2026-01-12,2026-01-13,Y
TG-0015,Headache,2026-01-15,2026-01-16,Y
TG-0018,Headache,2026-01-18,2026-01-19,Y
TG-0021,Headache,2026-01-11,2026-01-12,Y
TG-0024,Headache,2026-01-14,2026-01-15,Y
TG-0027,Headache,2026-01-17,2026-01-18,Y
TG-0030,Headache,2026-01-10,2026-01-11,Y
TG-0033,Headache,2026-01-13,2026-01-14,Y
TG-0036,Headache,2026-01-16,2026-01-17,Y
TG-0039,Headache,2026-01-19,2026-01-20,Y
TG-0042,Headache,2026-01-12,2026-01-13,Y
TG-0045,Headache,2026-01-15,2026-01-16,Y
TG-0048,Headache,2026-01-18,2026-01-19,Y
TG-0051,Headache,2026-01-11,2026-01-12,Y
TG-0054,Headache,2026-01-14,2026-01-15,Y
TG-0057,Headache,2026-01-17,2026-01-18,Y
TG-0060,Headache,2026-01-10,2026-01-11,Y
TG-0063,Headache,2026-01-13,2026-01-14,Y
TG-0066,Headache,2026-01-16,2026-01-17,Y
TG-0069,Headache,2026-01-19,2026-01-20,Y
TG-0072,Headache,2026-01-12,2026-01-13,Y
TG-0075,Headache,2026-01-15,2026-01-16,Y
TG-0078,Headache,2026-01-18,2026-01-19,Y
TG-0081,Headache,2026-01-11,2026-01-12,Y
TG-0084,Headache,2026-01-14,2026-01-15,Y
TG-0087,Headache,2026-01-17,2026-01-18,Y
TG-0090,Headache,2026-01-10,2026-01-11,Y
TG-0093,Headache,2026-01-13,2026-01-14,Y
TG-0096,Headache,2026-01-16,2026-01-17,Y
TG-0099,Headache,2026-01-19,2026-01-20,Y
TG-0102,Headache,2026-01-12,2026-01-13,Y
TG-0105,Headache,2026-01-15,2026-01-16,Y
TG-0108,Headache,2026-01-18,2026-01-19,Y
TG-0111,Headache,2026-01-11,2026-01-12,Y
TG-0114,Headache,2026-01-14,2026-01-15,Y
TG-0117,Headache,2026-01-17,2026-01-18,Y
TG-0120,Headache,2026-01-10,2026-01-11,Y
TG-0123,Headache,2026-01-13,2026-01-14,Y
TG-0126,Headache,2026-01-16,2026-01-17,Y
TG-0129,Headache,2026-01-19,2026-01-20,Y
TG-0132,Headache,2026-01-12,2026-01-13,Y
TG-0135,Headache,2026-01-15,2026-01-16,Y
TG-0138,Headache,2026-01-18,2026-01-19,Y
TG-0141,Headache,2026-01-11,2026-01-12,Y
TG-0144,Headache,2026-01-14,2026-01-15,Y
TG-0147,Headache,2026-01-17,2026-01-18,Y
TG-0150,Headache,2026-01-10,2026-01-11,Y
TG-0153,Headache,2026-01-13,2026-01-14,Y
TG-0156,Headache,2026-01-16,2026-01-17,Y
TG-0159,Headache,2026-01-19,2026-01-20,Y
TG-0162,Headache,2026-01-12,2026-01-13,Y
TG-0165,Headache,2026-01-15,2026-01-16,Y
TG-0168,Headache,2026-01-18,2026-01-19,Y
TG-0171,Headache,2026-01-11,2026-01-12,Y
TG-0174,Headache,2026-01-14,2026-01-15,Y
TG-0177,Headache,2026-01-17,2026-01-18,Y
TG-0180,Headache,2026-01-10,2026-01-11,Y
TG-0183,Headache,2026-01-13,2026-01-14,Y
TG-0186,Headache,2026-01-16,2026-01-17,Y
TG-0189,Headache,2026-01-19,2026-01-20,Y
TG-0192,Headache,2026-01-12,2026-01-13,Y
TG-0195,Headache,2026-01-15,2026-01-16,Y
TG-0198,Headache,2026-01-18,2026-01-19,Y
TG-0001,Dizziness,2026-01-07,2026-01-08,Y
TG-0002,Dizziness,2026-01-08,2026-01-09,Y
TG-0003,Dizziness,2026-01-09,2026-01-10,Y
TG-0004,Dizziness,2026-01-10,2026-01-11,Y
TG-0005,Dizziness,2026-01-11,2026-01-12,Y
TG-0006,Dizziness,2026-01-12,2026-01-13,Y
TG-0007,Dizziness,2026-01-13,2026-01-14,Y
TG-0008,Dizziness,2026-01-14,2026-01-15,Y
TG-0009,Dizziness,2026-01-15,2026-01-16,Y
TG-0010,Dizziness,2026-01-06,2026-01-07,Y
TG-0031,Nausea,2026-02-02,2026-02-03,Y
TG-0031,Nausea,2026-02-02,2026-02-03,Y
TG-0032,Nausea,2026-02-02,2026-02-03,Y
TG-0032,Nausea,2026-02-02,2026-02-03,Y
TG-0033,Nausea,2026-02-02,2026-02-03,Y
TG-0033,Nausea,2026-02-02,2026-02-03,Y
TG-0034,Nausea,2026-02-02,2026-02-03,Y
TG-0034,Nausea,2026-02-02,2026-02-03,Y
TG-0035,Nausea,2026-02-02,2026-02-03,Y
TG-0035,Nausea,2026-02-02,2026-02-03,Y
TG-0036,Nausea,2026-02-02,2026-02-03,Y
TG-0036,Nausea,2026-02-02,2026-02-03,Y
TG-0037,Nausea,2026-02-02,2026-02-03,Y
TG-0037,Nausea,2026-02-02,2026-02-03,Y
TG-0038,Nausea,2026-02-02,2026-02-03,Y
TG-0038,Nausea,2026-02-02,2026-02-03,Y
TG-0039,Nausea,2026-02-02,2026-02-03,Y
TG-0039,Nausea,2026-02-02,2026-02-03,Y
TG-0040,Nausea,2026-02-02,2026-02-03,Y
TG-0040,Nausea,2026-02-02,2026-02-03,Y
