USUBJID,SEX,BRTHDTC,RFICDTC,DMDISDTC
TG-0001,M,1985-02-07,2026-01-06,
TG-0002,F,1985-03-16,2026-01-07,
TG-0003,M,1985-04-22,2026-01-08,
TG-0004,F,1985-05-29,2026-01-09,
TG-0005,M,1985-07-05,2026-01-10,
TG-0006,F,1985-08-11,2026-01-11,
TG-0007,M,1985-09-17,2026-01-12,2026-02-01
TG-0008,F,1985-10-24,2026-01-13,
TG-0009,M,1985-11-30,2026-01-14,
TG-0010,F,1986-01-06,2026-01-05,
TG-0011,M,1986-02-12,2026-01-06,2026-01-16
TG-0012,F,1986-03-21,2026-01-07,2026-01-17
TG-0013,M,1986-04-27,2026-01-08,2026-01-18
TG-0014,F,1986-06-03,2026-01-09,2026-01-19
TG-0015,M,1986-07-10,2026-01-10,2026-01-20
TG-0016,F,1986-08-16,2026-01-11,2026-01-21
TG-0017,M,1986-09-22,2026-01-12,2026-01-22
TG-0018,F,1986-10-29,2026-01-13,2026-01-23
TG-0019,M,1986-12-05,2026-01-14,2026-01-24
TG-0020,F,1987-01-11,2026-01-05,2026-01-15
TG-0021,M,1987-02-17,2026-01-06,2026-01-26
TG-0022,F,1987-03-26,2026-01-07,
TG-0023,M,1987-05-02,2026-01-08,
TG-0024,F,1987-06-08,2026-01-09,
TG-0025,M,1987-07-15,2026-01-10,
TG-0026,F,1987-08-21,2026-01-11,
TG-0027,M,1987-09-27,2026-01-12,
TG-0028,F,1987-11-03,2026-01-13,2026-02-02
TG-0029,M,1987-12-10,2026-01-14,
TG-0030,F,1988-01-16,2026-01-05,
TG-0031,M,1988-02-22,2026-01-06,
TG-0032,F,1988-03-30,2026-01-07,
TG-0033,M,1988-05-06,2026-01-08,
TG-0034,F,1988-06-12,2026-01-09,
TG-0035,M,1988-07-19,2026-01-10,2026-01-30
TG-0036,F,1988-08-25,2026-01-11,
TG-0037,M,1988-10-01,2026-01-12,
TG-0038,F,1988-11-07,2026-01-13,
TG-0039,M,1988-12-14,2026-01-14,
TG-0040,F,1989-01-20,2026-01-05,
TG-0041,M,2026-02-05,2026-01-06,
TG-0042,F,2026-02-06,2026-01-07,2026-01-27
TG-0043,M,2026-02-07,2026-01-08,
TG-0044,F,2026-02-08,2026-01-09,
TG-0045,M,2026-02-09,2026-01-10,
TG-0046,F,2026-02-10,2026-01-11,
TG-0047,M,2026-02-11,2026-01-12,
TG-0048,F,2026-02-12,2026-01-13,
TG-0049,M,2026-02-13,2026-01-14,2026-02-03
TG-0050,F,2026-02-04,2026-01-05,
TG-0051,M,1990-03-03,2026-01-06,
TG-0052,F,1990-04-09,2026-01-07,
TG-0053,M,1990-05-16,2026-01-08,
TG-0054,F,1990-06-22,2026-01-09,
TG-0055,M,1990-07-29,2026-01-10,
TG-0056,F,1990-09-04,2026-01-11,2026-01-31
TG-0057,M,1990-10-11,2026-01-12,
TG-0058,F,1990-11-17,2026-01-13,
TG-0059,M,1990-12-24,2026-01-14,
TG-0060,F,1991-01-30,2026-01-05,
TG-0061,M,1991-03-08,2026-01-06,
TG-0062,F,1991-04-14,2026-01-07,
TG-0063,M,1991-05-21,2026-01-08,2026-01-28
TG-0064,F,1991-06-27,2026-01-09,
TG-0065,M,1991-08-03,2026-01-10,
TG-0066,F,1991-09-09,2026-01-11,
TG-0067,M,1991-10-16,2026-01-12,
TG-0068,F,1991-11-22,2026-01-13,
TG-0069,M,1991-12-29,2026-01-14,
TG-0070,F,1992-02-04,2026-01-05,2026-01-25
TG-0071,M,1992-03-12,2026-01-06,
TG-0072,F,1992-04-18,2026-01-07,
TG-0073,M,1992-05-25,2026-01-08,
TG-0074,F,1992-07-01,2026-01-09,
TG-0075,M,1992-08-07,2026-01-10,
TG-0076,F,1992-09-13,2026-01-11,
TG-0077,M,1992-10-20,2026-01-12,2026-02-01
TG-0078,F,1992-11-26,2026-01-13,
TG-0079,M,1993-01-02,2026-01-14,
TG-0080,F,1993-02-08,2026-01-05,
TG-0081,M,1993-03-17,2026-01-06,
TG-0082,F,1993-04-23,2026-01-07,
TG-0083,M,1993-05-30,2026-01-08,
TG-0084,F,1993-07-06,2026-01-09,2026-01-29
TG-0085,M,1993-08-12,2026-01-10,
TG-0086,F,1993-09-18,2026-01-11,
TG-0087,M,1993-10-25,2026-01-12,
TG-0088,F,1993-12-01,2026-01-13,
TG-0089,M,1994-01-07,2026-01-14,
TG-0090,F,1994-02-13,2026-01-05,
TG-0091,M,1994-03-22,2026-01-06,2026-01-26
TG-0092,F,1994-04-28,2026-01-07,
TG-0093,M,1994-06-04,2026-01-08,
TG-0094,F,1994-07-11,2026-01-09,
TG-0095,M,1994-08-17,2026-01-10,
TG-0096,F,1994-09-23,2026-01-11,
TG-0097,M,1994-10-30,2026-01-12,
TG-0098,F,1994-12-06,2026-01-13,2026-02-02
TG-0099,M,1995-01-12,2026-01-14,
TG-0100,F,1995-02-18,2026-01-05,
TG-0101,M,1995-03-27,2026-01-06,
TG-0102,F,1995-05-03,2026-01-07,
TG-0103,M,1995-06-09,2026-01-08,
TG-0104,F,1995-07-16,2026-01-09,
TG-0105,M,1995-08-22,2026-01-10,2026-01-30
TG-0106,F,1995-09-28,2026-01-11,
TG-0107,M,1995-11-04,2026-01-12,
TG-0108,F,1995-12-11,2026-01-13,
TG-0109,M,1996-01-17,2026-01-14,
TG-0110,F,1996-02-23,2026-01-05,
TG-0111,M,1996-03-31,2026-01-06,
TG-0112,F,1996-05-07,2026-01-07,2026-01-27
TG-0113,M,1996-06-13,2026-01-08,
TG-0114,F,1996-07-20,2026-01-09,
TG-0115,M,1996-08-26,2026-01-10,
TG-0116,F,1996-10-02,2026-01-11,
TG-0117,M,1996-11-08,2026-01-12,
TG-0118,F,1996-12-15,2026-01-13,
TG-0119,M,1997-01-21,2026-01-14,2026-02-03
TG-0120,F,1997-02-27,2026-01-05,
TG-0121,M,1997-04-05,2026-01-06,
TG-0122,F,1997-05-12,2026-01-07,
TG-0123,M,1997-06-18,2026-01-08,
TG-0124,F,1997-07-25,2026-01-09,
TG-0125,M,1997-08-31,2026-01-10,
TG-0126,F,1997-10-07,2026-01-11,2026-01-31
TG-0127,M,1997-11-13,2026-01-12,
TG-0128,F,1997-12-20,2026-01-13,
TG-0129,M,1998-01-26,2026-01-14,
TG-0130,F,1998-03-04,2026-01-05,
TG-0131,M,1998-04-10,2026-01-06,
TG-0132,F,1998-05-17,2026-01-07,
TG-0133,M,1998-06-23,2026-01-08,2026-01-28
TG-0134,F,1998-07-30,2026-01-09,
TG-0135,M,1998-09-05,2026-01-10,
TG-0136,F,1998-10-12,2026-01-11,
TG-0137,M,1998-11-18,2026-01-12,
TG-0138,F,1998-12-25,2026-01-13,
TG-0139,M,1999-01-31,2026-01-14,
TG-0140,F,1999-03-09,2026-01-05,2026-01-25
TG-0141,M,1999-04-15,2026-01-06,
TG-0142,F,1999-05-22,2026-01-07,
TG-0143,M,1999-06-28,2026-01-08,
TG-0144,F,1999-08-04,2026-01-09,
TG-0145,M,1999-09-10,2026-01-10,
TG-0146,F,1999-10-17,2026-01-11,
TG-0147,M,1999-11-23,2026-01-12,2026-02-01
TG-0148,F,1999-12-30,2026-01-13,
TG-0149,M,2000-02-05,2026-01-14,
TG-0150,F,2000-03-13,2026-01-05,
TG-0151,M,2000-04-19,2026-01-06,
TG-0152,F,2000-05-26,2026-01-07,
TG-0153,M,2000-07-02,2026-01-08,
TG-0154,F,2000-08-08,2026-01-09,2026-01-29
TG-0155,M,2000-09-14,2026-01-10,
TG-0156,F,2000-10-21,2026-01-11,
TG-0157,M,2000-11-27,2026-01-12,
TG-0158,F,2001-01-03,2026-01-13,
TG-0159,M,2001-02-09,2026-01-14,
TG-0160,F,2001-03-18,2026-01-05,
TG-0161,M,2001-04-24,2026-01-06,2026-01-26
TG-0162,F,2001-05-31,2026-01-07,
TG-0163,M,2001-07-07,2026-01-08,
TG-0164,F,2001-08-13,2026-01-09,
TG-0165,M,2001-09-19,2026-01-10,
TG-0166,F,2001-10-26,2026-01-11,
TG-0167,M,2001-12-02,2026-01-12,
TG-0168,F,2002-01-08,2026-01-13,2026-02-02
TG-0169,M,2002-02-14,2026-01-14,
TG-0170,F,2002-03-23,2026-01-05,
TG-0171,M,2002-04-29,2026-01-06,
TG-0172,F,2002-06-05,2026-01-07,
TG-0173,M,2002-07-12,2026-01-08,
TG-0174,F,2002-08-18,2026-01-09,
TG-0175,M,2002-09-24,2026-01-10,2026-01-30
TG-0176,F,2002-10-31,2026-01-11,
TG-0177,M,2002-12-07,2026-01-12,
TG-0178,F,2003-01-13,2026-01-13,
TG-0179,M,2003-02-19,2026-01-14,
TG-0180,F,2003-03-28,2026-01-05,
TG-0181,M,2003-05-04,2026-01-06,
TG-0182,F,2003-06-10,2026-01-07,2026-01-27
TG-0183,M,2003-07-17,2026-01-08,
TG-0184,F,2003-08-23,2026-01-09,
TG-0185,M,2003-09-29,2026-01-10,
TG-0186,F,2003-11-05,2026-01-11,
TG-0187,M,2003-12-12,2026-01-12,
TG-0188,F,2004-01-18,2026-01-13,
TG-0189,M,2004-02-24,2026-01-14,2026-02-03
TG-0190,F,2004-04-01,2026-01-05,
TG-0191,M,2004-05-08,2026-01-06,
TG-0192,F,2004-06-14,2026-01-07,
TG-0193,M,2004-07-21,2026-01-08,
TG-0194,F,2004-08-27,2026-01-09,
TG-0195,M,2004-10-03,2026-01-10,
TG-0196,F,2004-11-09,2026-01-11,2026-01-31
TG-0197,M,2004-12-16,2026-01-12,
TG-0198,F,2005-01-22,2026-01-13,
TG-0199,M,2005-02-28,2026-01-14,
TG-0200,F,2005-04-06,2026-01-05,
