USUBJID,EXSTDTC,EXDOSE
TG-0001,2026-01-08,100
TG-0002,2026-01-09,100
TG-0003,2026-01-10,100
TG-0004,2026-01-11,100
TG-0005,2026-01-12,100
TG-0006,2026-01-13,100
TG-0007,2026-01-14,100
TG-0008,2026-01-15,100
TG-0009,2026-01-16,100
TG-0010,2026-01-07,100
TG-0011,2026-01-08,100
TG-0012,2026-01-09,100
TG-0013,2026-01-10,100
TG-0014,2026-01-11,100
TG-0015,2026-01-12,100
TG-0016,2026-01-13,100
TG-0017,2026-01-14,100
TG-0018,2026-01-15,100
TG-0019,2026-01-16,100
TG-0020,2026-01-07,100
TG-0021,2026-01-08,100
TG-0022,2026-01-09,100
TG-0023,2026-01-10,100
TG-0024,2026-01-11,100
TG-0025,2026-01-12,100
TG-0026,2026-01-13,100
TG-0027,2026-01-14,100
TG-0028,2026-01-15,100
TG-0029,2026-01-16,100
TG-0030,2026-01-07,100
TG-0031,2026-01-08,100
TG-0032,2026-01-09,100
TG-0033,2026-01-10,100
TG-0034,2026-01-11,100
TG-0035,2026-01-12,100
TG-0036,2026-01-13,100
TG-0037,2026-01-14,100
TG-0038,2026-01-15,100
TG-0039,2026-01-16,100
TG-0040,2026-01-07,100
TG-0041,2026-01-08,100
TG-0042,2026-01-09,100
TG-0043,2026-01-10,100
TG-0044,2026-01-11,100
TG-0045,2026-01-12,100
TG-0046,2026-01-13,100
TG-0047,2026-01-14,100
TG-0048,2026-01-15,100
TG-0049,2026-01-16,100
TG-0050,2026-01-07,100
TG-0051,2026-01-08,100
TG-0052,2026-01-09,100
TG-0053,2026-01-10,100
TG-0054,2026-01-11,100
TG-0055,2026-01-12,100
TG-0056,2026-01-13,100
TG-0057,2026-01-14,100
TG-0058,2026-01-15,100
TG-0059,2026-01-16,100
TG-0060,2026-01-07,100
TG-0061,2026-01-08,100
TG-0062,2026-01-09,100
TG-0063,2026-01-10,100
TG-0064,2026-01-11,100
TG-0065,2026-01-12,100
TG-0066,2026-01-13,100
TG-0067,2026-01-14,100
TG-0068,2026-01-15,100
TG-0069,2026-01-16,100
TG-0070,2026-01-07,100
TG-0071,2026-01-08,100
TG-0072,2026-01-09,100
TG-0073,2026-01-10,100
TG-0074,2026-01-11,100
TG-0075,2026-01-12,100
TG-0076,2026-01-13,100
TG-0077,2026-01-14,100
TG-0078,2026-01-15,100
TG-0079,2026-01-16,100
TG-0080,2026-01-07,100
TG-0081,2026-01-08,100
TG-0082,2026-01-09,100
TG-0083,2026-01-10,100
TG-0084,2026-01-11,100
TG-0085,2026-01-12,100
TG-0086,2026-01-13,100
TG-0087,2026-01-14,100
TG-0088,2026-01-15,100
TG-0089,2026-01-16,100
TG-0090,2026-01-07,100
TG-0091,2026-01-08,100
TG-0092,2026-01-09,100
TG-0093,2026-01-10,100
TG-0094,2026-01-11,100
TG-0095,2026-01-12,100
TG-0096,2026-01-13,100
TG-0097,2026-01-14,100
TG-0098,2026-01-15,100
TG-0099,2026-01-16,100
TG-0100,2026-01-07,100
TG-0101,2026-01-08,100
TG-0102,2026-01-09,100
TG-0103,2026-01-10,100
TG-0104,2026-01-11,100
TG-0105,2026-01-12,100
TG-0106,2026-01-13,100
TG-0107,2026-01-14,100
TG-0108,2026-01-15,100
TG-0109,2026-01-16,100
TG-0110,2026-01-07,100
TG-0111,2026-01-08,100
TG-0112,2026-01-09,100
TG-0113,2026-01-10,100
TG-0114,2026-01-11,100
TG-0115,2026-01-12,100
TG-0116,2026-01-13,100
TG-0117,2026-01-14,100
TG-0118,2026-01-15,100
TG-0119,2026-01-16,100
TG-0120,2026-01-07,100
TG-0121,2026-01-08,100
TG-0122,2026-01-09,100
TG-0123,2026-01-10,100
TG-0124,2026-01-11,100
TG-0125,2026-01-12,100
TG-0126,2026-01-13,100
TG-0127,2026-01-14,100
TG-0128,2026-01-15,100
TG-0129,2026-01-16,100
TG-0130,2026-01-07,100
TG-0131,2026-01-08,100
TG-0132,2026-01-09,100
TG-0133,2026-01-10,100
TG-0134,2026-01-11,100
TG-0135,2026-01-12,100
TG-0136,2026-01-13,100
TG-0137,2026-01-14,100
TG-0138,2026-01-15,100
TG-0139,2026-01-16,100
TG-0140,2026-01-07,100
TG-0141,2026-01-08,100
TG-0142,2026-01-09,100
TG-0143,2026-01-10,100
TG-0144,2026-01-11,100
TG-0145,2026-01-12,100
TG-0146,2026-01-13,100
TG-0147,2026-01-14,100
TG-0148,2026-01-15,100
TG-0149,2026-01-16,100
TG-0150,2026-01-07,100
TG-0151,2026-01-08,100
TG-0152,2026-01-09,100
TG-0153,2026-01-10,100
TG-0154,2026-01-11,100
TG-0155,2026-01-12,100
TG-0156,2026-01-13,100
TG-0157,2026-01-14,100
TG-0158,2026-01-15,100
TG-0159,2026-01-16,100
TG-0160,2026-01-07,100
TG-0161,2026-01-08,100
TG-0162,2026-01-09,100
TG-0163,2026-01-10,100
TG-0164,2026-01-11,100
TG-0165,2026-01-12,100
TG-0166,2026-01-13,100
TG-0167,2026-01-14,100
TG-0168,2026-01-15,100
TG-0169,2026-01-16,100
TG-0170,2026-01-07,100
TG-0171,2026-01-08,100
TG-0172,2026-01-09,100
TG-0173,2026-01-10,100
TG-0174,2026-01-11,100
TG-0175,2026-01-12,100
TG-0176,2026-01-13,100
TG-0177,2026-01-14,100
TG-0178,2026-01-15,100
TG-0179,2026-01-16,100
TG-0180,2026-01-07,100
TG-0181,2026-01-08,100
TG-0182,2026-01-09,100
TG-0183,2026-01-10,100
TG-0184,2026-01-11,100
TG-0185,2026-01-12,100
TG-0186,2026-01-13,100
TG-0187,2026-01-14,100
TG-0188,2026-01-15,100
TG-0189,2026-01-16,100
TG-0190,2026-01-07,100
TG-0191,2026-01-08,100
TG-0192,2026-01-09,100
TG-0193,2026-01-10,100
TG-0194,2026-01-11,100
TG-0195,2026-01-12,100
TG-0196,2026-01-13,100
TG-0197,2026-01-14,100
TG-0198,2026-01-15,100
TG-0199,2026-01-16,100
TG-0200,2026-01-07,100
TG-0011,2026-01-18,100
TG-0012,2026-01-19,100
TG-0013,2026-01-20,100
TG-0014,2026-01-21,100
TG-0015,2026-01-22,100
TG-0016,2026-01-23,100
TG-0017,2026-01-24,100
TG-0018,2026-01-25,100
TG-0019,2026-01-26,100
TG-0020,2026-01-17,100
