subject_id,rule_id
TG-0001,AE001
TG-0002,AE001
TG-0003,AE001
TG-0004,AE001
TG-0005,AE001
TG-0006,AE001
TG-0007,AE001
TG-0008,AE001
TG-0009,AE001
TG-0010,AE001
TG-0011,EX001
TG-0012,EX001
TG-0013,EX001
TG-0014,EX001
TG-0015,EX001
TG-0016,EX001
TG-0017,EX001
TG-0018,EX001
TG-0019,EX001
TG-0020,EX001
TG-0021,LB001
TG-0022,LB001
TG-0023,LB001
TG-0024,LB001
TG-0025,LB001
TG-0026,LB001
TG-0027,LB001
TG-0028,LB001
TG-0029,LB001
TG-0030,LB001
TG-0031,AE002
TG-0032,AE002
TG-0033,AE002
TG-0034,AE002
TG-0035,AE002
TG-0036,AE002
TG-0037,AE002
TG-0038,AE002
TG-0039,AE002
TG-0040,AE002
TG-0041,DM001
TG-0042,DM001
TG-0043,DM001
TG-0044,DM001
TG-0045,DM001
TG-0046,DM001
TG-0047,DM001
TG-0048,DM001
TG-0049,DM001
TG-0050,DM001
